id_cliente,client_nombre,client_apellido,client_celular
1,Arte,De Bernardi,3022554474
2,Emmalynne,Opie,6462594856
3,Tess,Kinchlea,7889639153
4,Leah,Molyneaux,1166823430
5,Tillie,Nellen,3229843081
6,Ambros,Sabate,5134050952
7,Kendre,Sherrington,5406749720
8,Kerr,Cranmere,2223545735
9,Nessie,Whitney,8618253535
10,Antoine,Chazelle,1903658889
11,Sarine,Vittery,1253451968
12,Leodora,Stanlike,5448274511
13,Jeramie,Douberday,4402514157
14,Sondra,Skelhorn,8595797165
15,Patric,McCosh,8431758075
16,Ema,Hoopper,1312551554
17,Levon,Stear,2013938106
18,Fara,Noquet,6603466539
19,Mile,Commings,4253393821
20,Caye,McWilliam,7039863231
21,Zsa zsa,Korn,2903761987
22,Jonas,Jurgensen,8624521617
23,Renault,Zannolli,5561418847
24,Daffi,Kornes,6563519521
25,Celine,O'Henehan,6484252689
26,Washington,Mandre,6733594801
27,Ruthi,Marklin,6064273805
28,Dareen,Pitkethly,6448616857
29,Cinda,Devo,9029025102
30,Harriette,Hovert,2342095055
31,Randene,Waterdrinker,1318769545
32,Gaelan,Siggery,3982453503
33,Perri,Cluley,9967168978
34,Cristian,Mattingson,1726338296
35,Rea,Tumini,5995925914
36,Hamnet,Benger,9121661522
37,Quillan,Baldi,2875398866
38,Gay,Delue,1499783548
39,Normie,Emanueli,8278317118
40,Gabriel,Skunes,9149338873
41,Adrienne,Chillistone,3325689777
42,Bryan,Bonwick,3223242598
43,Meryl,Edelmann,6683595873
44,Billy,Gouldie,9268240334
45,Maury,Munns,4276039973
46,Bari,Furzey,7942235557
47,Tammara,Grzelczak,5279412157
48,Delano,Eaves,3954952370
49,Jasen,Porte,1143264813
50,Ricca,Hammerman,6475738724
51,Mercy,Babcock,8965735406
52,Archaimbaud,Luxon,5371447638
53,Wallie,Grim,7852711548
54,Madeline,Greenrde,1115599120
55,Gabie,Scola,8903400927
56,Priscella,Behrendsen,8796930166
57,Zena,O' Loughran,9043697859
58,Bink,Stockings,4367021136
59,Schuyler,Bellord,6839990993
60,Caryl,Bake,6473237569
61,Joanne,Stanaway,3527343953
62,Arvie,Gorghetto,1951242153
63,Timofei,Jentin,7098961831
64,Land,Bellworthy,8652553535
65,Amaleta,Adney,9498499939
66,Angie,Krzyzanowski,1612907014
67,Rana,Mursell,8848016915
68,Axe,Strelitz,6469819125
69,Donielle,Strond,8558482536
70,Tuckie,Davisson,1926564468
71,Pinchas,O'Carmody,5215171154
72,Skippie,Winny,3946692529
73,Jory,Balaizot,2299170495
74,Carlie,Mendes,8512473302
75,Forest,Ailsbury,4627279068
76,Adele,Garrity,6628392789
77,Bary,Le Gall,1878965231
78,Vail,Petersen,9632359570
79,Caleb,Tabram,1521155770
80,Zabrina,Collaton,1498244627
81,Mil,Clyburn,5718041181
82,Minette,Harmant,3548034880
83,Lotty,Gerholz,6772856952
84,Thoma,Buttfield,2515162903
85,Agace,Daubeny,2687407587
86,Pier,Grissett,3652216746
87,Konstanze,Campione,6563951638
88,Maurie,Downie,8263961971
89,Alano,Skevington,2734106707
90,Anny,Hartus,5851082522
91,Gennifer,Ryrie,5542385430
92,Jaquith,MacGorrie,7437009748
93,Hildegaard,Cecely,8228146961
94,Bronny,Lambertini,2349797851
95,Hi,Colbrun,7107665742
96,Mallorie,Cheetam,4825365256
97,Coretta,Pizey,1289529979
98,Hana,McQuorkell,1129094628
99,Julita,Ethersey,3287565222
100,Sandra,Tommeo,6024617267
101,Winona,O'Dare,8318183066
102,Dave,Prandin,9158995717
103,Marcille,Muddle,7188420622
104,Staford,Rymour,5776453736
105,Robinetta,Domnick,2339607736
106,Sosanna,Banisch,8904373747
107,Hillyer,Kerby,5328948021
108,Alexandra,Pirozzi,6018804279
109,Martino,McIvor,3836661522
110,Estel,Orgel,9579179353
111,Lyle,Sweedy,9631771698
112,Perren,Leveret,2882484068
113,Dante,Boyett,7279706314
114,Lorilyn,Label,6713749502
115,Toni,Cracknall,7102039714
116,Myranda,Formilli,7004953827
117,Donni,Sealand,1737511167
118,Joaquin,Scamadin,3576953172
119,Josephina,Collelton,9245410651
120,Salim,Riccioppo,8677232744
121,Nancee,Quidenham,8205570096
122,Adelind,Sneden,9398603578
123,Richart,Melior,3408074220
124,Darleen,Spedroni,3055884298
125,Woody,Beardsell,1636068538
126,Winnie,O' Loughran,3152594355
127,Ingeborg,Argue,9723466455
128,Tarra,Carlan,4407204223
129,Marcella,Cumbers,8578532017
130,Cathrin,Scripture,5045914437
131,Aubrey,Witten,2628932588
132,Ash,Canedo,4917535591
133,Cassius,Marriott,7812015566
134,Lewes,Doole,1938001587
135,Doretta,Emilien,6726536850
136,Roseanna,Clemmen,5754500926
137,Orrin,Kearsley,9339014404
138,Regan,Esser,1681081918
139,Elke,Butlin,3238938399
140,Frieda,Lambertazzi,5751985424
141,Alissa,Woodage,6617659969
142,Hilarius,Michael,9062901167
143,Cristiano,Gliddon,4878526013
144,Travis,Prest,4138650004
145,Rasla,Hillhouse,7856604079
146,Daven,McIsaac,1612801871
147,Jaymee,Yoodall,1793279228
148,Bree,Guidelli,3474838255
149,Kiele,McGinty,9257899419
150,Esteban,Abba,4972021322
151,Jonie,Hune,1648355937
152,Tomi,Mulvin,5455371378
153,Bryan,Furneaux,1515874302
154,Jerrold,Ferrao,8353151213
155,Yoshiko,Merryweather,2017875785
156,Rahel,Northin,6539339470
157,Aubrie,Hearmon,8798911772
158,Obediah,Elgood,4795629777
159,Morlee,Howchin,1262134371
160,Kean,Fortnon,3001721063
161,Emyle,Lodemann,7007794213
162,Kinny,O'Leary,8895802952
163,Frannie,Clausius,4708338295
164,Eva,Showen,6434015064
165,Alla,Tweedie,2778384264
166,Koenraad,Litt,1352890567
167,Yetty,Hopfer,9333230187
168,Verina,Swarbrick,6121171045
169,Dru,Ovell,9088244979
170,Georgy,Estevez,4556385858
171,Cherye,Stapleton,5416907524
172,Anissa,Karpychev,1618409199
173,Shawnee,Brannon,9439766452
174,Deanne,Brookes,4534896398
175,Ax,Nieass,1426091833
176,Clari,Duggary,3619919001
177,Nina,Blunsom,3532936552
178,Lynn,Dommersen,3541497958
179,Vince,Lockitt,8922249744
180,Mari,Sorby,5509210207
181,Nata,Purchase,9714693778
182,Hilary,Dorn,5556146582
183,Dylan,Mertsching,1693829164
184,Jelene,Dryburgh,7288522174
185,Danice,Laxton,1171736172
186,Daryl,Joskowitz,7639793115
187,Reinaldos,Trevan,5641014536
188,Redford,Roels,9664302298
189,Jakob,Culross,1643588364
190,Terrijo,Wink,8232174019
191,Briana,Oakwood,4492130146
192,Rockey,Friberg,5664303929
193,Iorgo,Harrington,9128214558
194,Haleigh,Murrow,6437557237
195,Sherline,Varren,6114132625
196,Gerik,Ker,6292025043
197,Berna,Wiggington,6907954478
198,Noah,Osmon,7997600139
199,Desdemona,Halle,4953767940
200,Roger,Sapir,5524457169
201,Alameda,Mogford,1658441430
202,Linette,Tapscott,3142027028
203,Nehemiah,Dulinty,5545869045
204,Freida,Cuppleditch,3861684084
205,Roddie,Castelow,3798512127
206,Fredericka,Tomaszynski,7362432328
207,Aindrea,Alekhov,9371056563
208,Mireielle,Yearns,5462359480
209,Patrizius,Millam,5766751404
210,Korrie,Mayo,8701351351
211,Barthel,Koubek,4492663607
212,Wilek,Colby,2137480872
213,Delainey,Moohan,6826914382
214,Pepi,Bruni,8331126385
215,Tod,Throughton,2682550024
216,Quent,Ambrus,5769270019
217,Shelly,Weinmann,4386923374
218,Axe,Ghio,4324781564
219,Leonelle,Sparling,8832455229
220,Yardley,Loosemore,6605116770
221,Smitty,Aers,9344125964
222,Bobbi,Heistermann,6541851500
223,Riobard,Yearn,2406359194
224,Dame,Fike,1196636698
225,Krishnah,Hamer,9623361409
226,Dill,Rojahn,8722954320
227,Jarret,Ebbing,1834118625
228,Ainsley,Ingarfield,1586526974
229,Austin,Bendtsen,6406026363
230,Brice,Cadding,3483927205
231,Sabra,Tant,2115498202
232,Corie,Feaver,5591416546
233,Krissy,McHardy,6252717040
234,Essa,Kiebes,3555227136
235,Amii,Goning,7411104418
236,Sayres,Madgett,2538031395
237,Timothea,Rubie,6996842999
238,Farah,Bennough,5757983914
239,Gloriana,Becket,9322921630
240,Brynna,Hadwen,6424374789
241,Curcio,Scinelli,6576838028
242,Grace,Forbes,6865559063
243,Ryan,Causnett,5728410421
244,Ninnetta,Vickars,3067891258
245,Micheal,Tew,5105174275
246,Corbett,Handke,6982156766
247,Sloane,Field,4445841563
248,Ty,Cornish,7262377540
249,Dyan,Routhorn,8578860865
250,Suzette,Pigeon,7326802208
